weather,
rainy
cloudy
rainy
rainy
cloudy
cloudy
cloudy
cloudy
windy
rainy
windy
cloudy
rainy
cloudy
cloudy
cloudy
cloudy
cloudy
rainy
rainy
rainy
windy
rainy
cloudy
rainy
rainy
windy
cloudy
windy
rainy
sunny
cloudy
sunny
cloudy
cloudy
rainy
cloudy
rainy
cloudy
windy
windy
rainy
cloudy
sunny
sunny
rainy
rainy
cloudy
cloudy
cloudy
sunny
cloudy
cloudy
sunny
rainy
cloudy
cloudy
rainy
sunny
cloudy
cloudy
cloudy
cloudy
cloudy
rainy
cloudy
rainy
rainy
sunny
cloudy
rainy
cloudy
rainy
rainy
cloudy
cloudy
cloudy
rainy
cloudy
rainy
sunny
cloudy
rainy
rainy
windy
rainy
cloudy
cloudy
windy
cloudy
windy
windy
cloudy
cloudy
cloudy
windy
rainy
cloudy
cloudy
rainy
